code,code_type,price_type,hospitals,prices,min,median,max
11043,CPT,cash,14,78,0.7000,1446.2450,13364.9500
11043,CPT,negotiated,15,10317,0.2500,81.3600,40293.0800
11043,HCPCS,cash,7,15,376.4000,2019.2000,6515.0000
11043,HCPCS,negotiated,7,212,168.6300,839.2500,22145.0000
14301,CPT,cash,13,49,0.7000,2848.0000,56473.8100
14301,CPT,negotiated,15,13670,0.2500,361.5100,28144.0000
14301,HCPCS,cash,6,13,2399.2000,3596.0000,12220.0000
14301,HCPCS,negotiated,7,180,834.0800,3890.1050,39140.0000
20605,CDM,cash,1,2,129.3000,145.2000,161.1000
20605,CPT,cash,15,131,79.0000,365.2400,68753.6600
20605,CPT,negotiated,16,10677,9.1200,73.5800,25798.0000
20605,HCPCS,cash,7,21,206.0000,686.7000,2773.0000
20605,HCPCS,negotiated,7,276,106.7300,550.0450,14407.0000
20610,CDM,cash,1,2,88.2000,138.1500,188.1000
20610,CPT,cash,15,157,15.6800,426.7200,17610.2000
20610,CPT,negotiated,16,17696,2.0300,38.2700,25798.0000
20610,HCPCS,cash,7,22,208.8000,765.0000,3341.0000
20610,HCPCS,negotiated,7,308,106.7300,645.6000,16461.0000
20680,CPT,cash,15,58,0.7000,1713.7500,54276.3300
20680,CPT,negotiated,16,13875,0.2500,149.2800,25798.0000
20680,HCPCS,cash,4,11,1792.0000,5347.0000,15325.7200
20680,HCPCS,negotiated,6,148,1030.2300,3552.7100,39140.0000
23071,CPT,cash,10,49,0.7000,3597.7500,7458.1000
23071,CPT,negotiated,15,10608,0.2500,178.4700,42813.0000
23071,HCPCS,cash,5,11,964.2000,2706.8000,11165.0000
23071,HCPCS,negotiated,6,148,680.0500,2491.5000,33682.0000
32551,CDM,cash,1,1,573.3000,573.3000,573.3000
32551,CPT,cash,13,71,0.7000,1218.7500,6899.6800
32551,CPT,negotiated,15,10447,0.2500,102.5800,25798.0000
32551,HCPCS,cash,6,26,643.5000,3186.0000,6838.0000
32551,HCPCS,negotiated,7,210,434.8600,1754.3700,18025.0000
36556,CDM,cash,1,1,904.5000,904.5000,904.5000
36556,CPT,cash,15,82,0.7000,1500.7000,46553.7800
36556,CPT,negotiated,16,10536,0.2500,114.1300,25798.0000
36556,HCPCS,cash,6,27,2454.3000,3156.0000,8935.6800
36556,HCPCS,negotiated,7,273,506.8900,3122.5600,18025.0000
44970,CPT,cash,11,45,0.7000,1432.5000,51418.6600
44970,CPT,negotiated,15,10294,0.2500,251.8600,48347.7400
44970,HCPCS,negotiated,5,51,1743.8500,8843.5900,53560.0000
49591,CPT,cash,11,45,0.7000,856.0000,40317.9300
49591,CPT,negotiated,15,15287,0.2500,136.9700,25798.0000
49591,HCPCS,negotiated,5,50,1606.2700,3793.5900,34690.0000
64450,CDM,cash,1,2,145.5000,183.3000,221.1000
64450,CPT,cash,15,102,89.0000,875.4900,19539.2000
64450,CPT,negotiated,16,11311,0.9600,39.8000,53503.8000
64450,HCPCS,cash,7,21,471.2000,975.9000,3983.0000
64450,HCPCS,negotiated,7,305,172.6100,984.8100,18025.0000
73000,CDM,cash,1,1,69.3000,69.3000,69.3000
73000,CPT,cash,14,61,18.0000,181.3500,37977.0000
73000,CPT,negotiated,15,10331,2.8800,25.3100,14761.0000
73000,HCPCS,cash,6,7,158.5000,357.7000,592.4000
73000,HCPCS,negotiated,7,137,23.9400,189.8800,1493.6900
73080,CDM,cash,1,1,120.3000,120.3000,120.3000
73080,CPT,cash,14,61,17.6000,237.2500,36246.7400
73080,CPT,negotiated,15,10342,2.8800,29.7800,14761.0000
73080,HCPCS,cash,6,7,238.5000,387.1000,667.6800
73080,HCPCS,negotiated,7,137,23.9400,221.2000,1493.6900
73140,CDM,cash,1,1,77.1000,77.1000,77.1000
73140,CPT,cash,14,66,13.6000,196.5550,1136.0700
73140,CPT,negotiated,15,10493,3.0000,29.1800,14761.0000
73140,HCPCS,cash,6,7,175.8000,306.0000,449.2800
73140,HCPCS,negotiated,7,137,23.9400,189.8800,1493.6900
73564,CDM,cash,1,1,139.8000,139.8000,139.8000
73564,CPT,cash,14,66,24.0000,188.0000,1785.3400
73564,CPT,negotiated,15,11692,7.0300,41.3000,14761.0000
73564,HCPCS,cash,6,7,346.5000,578.9000,889.6000
73564,HCPCS,negotiated,7,137,23.9400,330.8000,1794.4100
73590,CDM,cash,1,1,89.1000,89.1000,89.1000
73590,CPT,cash,14,86,17.0000,230.1000,44659.6200
73590,CPT,negotiated,15,11089,4.9000,29.5800,24925.1800
73590,HCPCS,cash,6,8,225.0000,477.2000,792.4800
73590,HCPCS,negotiated,7,137,23.9400,208.8000,1493.6900
76937,CDM,cash,1,2,23.7000,31.8000,39.9000
76937,CPT,cash,15,72,4.9600,213.5900,20999.1600
76937,CPT,negotiated,16,13335,1.0000,27.9300,14761.0000
76937,HCPCS,cash,6,21,204.0000,719.6000,1305.6000
76937,HCPCS,negotiated,5,223,1.0000,493.4400,965.2500
86256,CPT,cash,13,191,7.0300,78.0000,1067.0000
86256,CPT,negotiated,15,12350,6.9700,90.1400,14761.0000
86256,HCPCS,cash,6,252,8.5700,116.2200,504.0000
86256,HCPCS,negotiated,7,4815,3.8400,94.9000,662.4000
87798,CPT,cash,13,381,23.4300,166.4000,1763.0000
87798,CPT,negotiated,15,20452,3.5000,92.0800,14761.0000
87798,HCPCS,cash,6,230,2.7600,158.4300,1071.0000
87798,HCPCS,negotiated,7,2606,18.8400,144.9000,1407.6000
93308,CDM,cash,1,2,86.1000,137.7000,189.3000
93308,CPT,cash,14,77,63.2000,802.7500,7067.0000
93308,CPT,negotiated,15,12364,15.5500,91.5200,25798.0000
93308,HCPCS,cash,6,13,444.5000,927.5000,2097.6000
93308,HCPCS,negotiated,7,290,105.9000,571.2000,1219.0000
